{
  "A Coruña": {
    "Lugo": 78.55989049761281,
    "Pontevedra": 106.1927053651431
  },
  "Albacete": {
    "Cuenca": 122.46217099526406,
    "Ciudad Real": 179.3812011813822,
    "Valencia": 138.16946000611986,
    "Murcia": 129.05764749098026,
    "Alicante": 139.3870556046358,
    "Jaén": 217.16356052574446,
    "Granada": 253.43892611791856
  },
  "Alicante": {
    "Murcia": 69.24925312174749,
    "Albacete": 139.3870556046358,
    "Valencia": 125.97201980854105
  },
  "Almería": {
    "Granada": 107.61621162531266,
    "Murcia": 173.6010672426906
  },
  "Ávila": {
    "Salamanca": 88.49759486025846,
    "Valladolid": 110.81541727716233,
    "Segovia": 58.22791578627155,
    "Madrid": 89.69297597286986,
    "Toledo": 105.60658540008154,
    "Cáceres": 193.8399679540126
  },
  "Badajoz": {
    "Cáceres": 83.92191936364573,
    "Córdoba": 220.91796734293598,
    "Huelva": 180.0002507444886,
    "Toledo": 275.66796260334326,
    "Sevilla": 186.72277239866074,
    "Ciudad Real": 263.18385855860487,
    "Beja": 123.52496234603113,
    "Évora": 87.742292044226,
    "Portalegre": 60.89518184883903
  },
  "Barcelona": {
    "Tarragona": 82.20417991432298,
    "Lleida": 132.08368351945435,
    "Girona": 85.50285907671879
  },
  "Vizcaya": {
    "Cantabria": 74.79729732777609,
    "Burgos": 120.12153078170911,
    "Álava": 49.60365400969444,
    "Gipuzkoa": 76.5371681967953
  },
  "Burgos": {
    "Palencia": 77.82176450279418,
    "Cantabria": 125.01811348329008,
    "Álava": 101.67447982606762,
    "La Rioja": 104.26970840908899,
    "Soria": 120.72619320271399,
    "Valladolid": 113.83737401597448,
    "Segovia": 158.60050866152656,
    "Vizcaya": 120.12153078170911
  },
  "Cáceres": {
    "Badajoz": 83.92191936364573,
    "Toledo": 205.36733152909352,
    "Salamanca": 176.62312296872722,
    "Ávila": 193.8399679540126,
    "Castelo Branco": 103.41919991040808,
    "Guarda": 140.72939678110714,
    "Portalegre": 93.25972994706677
  },
  "Cádiz": {
    "Sevilla": 99.55964811062665,
    "Málaga": 167.8241513367555,
    "Huelva": 101.24338329492211
  },
  "Castellón": {
    "Teruel": 99.42617758305826,
    "Valencia": 63.789593986195115,
    "Tarragona": 166.8480260935684
  },
  "Ciudad Real": {
    "Toledo": 97.14633777974527,
    "Cuenca": 196.24542116824585,
    "Albacete": 179.3812011813822,
    "Córdoba": 143.5965338285504,
    "Badajoz": 263.18385855860487,
    "Jaén": 136.35708328569504
  },
  "Córdoba": {
    "Sevilla": 120.01227117016428,
    "Granada": 130.17343816581874,
    "Jaén": 87.87628315379528,
    "Ciudad Real": 143.5965338285504,
    "Badajoz": 220.91796734293598,
    "Málaga": 132.77903896345623
  },
  "Cuenca": {
    "Guadalajara": 107.11697603848631,
    "Toledo": 163.13604464585217,
    "Ciudad Real": 196.24542116824585,
    "Albacete": 122.46217099526406,
    "Valencia": 164.26805518044122,
    "Teruel": 91.76432284477245,
    "Madrid": 137.13260843215753
  },
  "Girona": {
    "Barcelona": 85.50285907671879,
    "Lleida": 187.1466047395773
  },
  "Granada": {
    "Málaga": 88.77703918384557,
    "Almería": 107.61621162531266,
    "Jaén": 67.59204624085255,
    "Córdoba": 130.17343816581874,
    "Murcia": 235.58506493887953,
    "Albacete": 253.43892611791856
  },
  "Guadalajara": {
    "Madrid": 51.03445244873588,
    "Cuenca": 107.11697603848631,
    "Teruel": 176.57250356924737,
    "Zaragoza": 222.37333339975388,
    "Soria": 138.37034680716866,
    "Segovia": 88.34447429101992
  },
  "Huelva": {
    "Badajoz": 180.0002507444886,
    "Sevilla": 85.85687271362104,
    "Cádiz": 101.24338329492211,
    "Beja": 116.23283977176152,
    "Faro": 90.89642157109512
  },
  "Huesca": {
    "Navarra": 126.0753886952529,
    "Zaragoza": 66.45554936004345,
    "Lleida": 103.29581441066824
  },
  "Jaén": {
    "Granada": 67.59204624085255,
    "Córdoba": 87.87628315379528,
    "Ciudad Real": 136.35708328569504,
    "Albacete": 217.16356052574446
  },
  "León": {
    "Asturias": 87.79695388960671,
    "Palencia": 107.38888669094088,
    "Valladolid": 126.194667965913,
    "Lugo": 168.7079940056394,
    "Ourense": 190.61905809891007,
    "Zamora": 123.2940705571496,
    "Cantabria": 172.46681367201293
  },
  "Lleida": {
    "Huesca": 103.29581441066824,
    "Zaragoza": 124.73238797530902,
    "Tarragona": 76.66217933808049,
    "Barcelona": 132.08368351945435,
    "Girona": 187.1466047395773,
    "Encamp": 129.31705817560496,
    "La Massana": 127.01507908364047,
    "Escaldes-Engordany": 124.98321030664619,
    "Sant Julià de Lòria": 118.61360017517944,
    "Andorra la Vella": 123.99391037778497
  },
  "La Rioja": {
    "Burgos": 104.26970840908899,
    "Álava": 46.58281791137931,
    "Navarra": 76.04135637839072,
    "Zaragoza": 157.57537931883425,
    "Soria": 78.1995969867046
  },
  "Lugo": {
    "A Coruña": 78.55989049761281,
    "Ourense": 78.84996281642843,
    "Pontevedra": 109.625964202806,
    "León": 168.7079940056394,
    "Asturias": 144.4404743627544
  },
  "Madrid": {
    "Toledo": 67.64557265141468,
    "Cuenca": 137.13260843215753,
    "Guadalajara": 51.03445244873588,
    "Segovia": 70.62172141363851,
    "Ávila": 89.69297597286986
  },
  "Málaga": {
    "Granada": 88.77703918384557,
    "Cádiz": 167.8241513367555,
    "Sevilla": 157.9734927084078,
    "Córdoba": 132.77903896345623
  },
  "Murcia": {
    "Almería": 173.6010672426906,
    "Alicante": 69.24925312174749,
    "Albacete": 129.05764749098026,
    "Granada": 235.58506493887953
  },
  "Ourense": {
    "Lugo": 78.84996281642843,
    "Pontevedra": 65.31889922634149,
    "León": 190.61905809891007,
    "Zamora": 197.76089524944874,
    "Braga": 98.79196960476783,
    "Bragança": 108.73547391197312,
    "Viana do Castelo": 107.56887242236537,
    "Vila Real": 116.21971859231225
  },
  "Asturias": {
    "León": 87.79695388960671,
    "Cantabria": 165.0729055215642,
    "Lugo": 144.4404743627544
  },
  "Palencia": {
    "León": 107.38888669094088,
    "Valladolid": 42.510849354289064,
    "Burgos": 77.82176450279418,
    "Cantabria": 172.4390223222751
  },
  "Navarra": {
    "La Rioja": 76.04135637839072,
    "Huesca": 126.0753886952529,
    "Zaragoza": 143.33062486394098,
    "Álava": 83.89351615289885,
    "Gipuzkoa": 62.27324658574491
  },
  "Pontevedra": {
    "A Coruña": 106.1927053651431,
    "Lugo": 109.625964202806,
    "Ourense": 65.31889922634149,
    "Viana do Castelo": 83.93029424488707
  },
  "Salamanca": {
    "Ávila": 88.49759486025846,
    "Cáceres": 176.62312296872722,
    "Valladolid": 109.50132963807317,
    "Zamora": 59.59488867068772,
    "Bragança": 130.3339553180132,
    "Guarda": 143.03552569451102
  },
  "Gipuzkoa": {
    "Vizcaya": 76.5371681967953,
    "Álava": 76.41670392595123,
    "Navarra": 62.27324658574491
  },
  "Cantabria": {
    "Asturias": 165.0729055215642,
    "Burgos": 125.01811348329008,
    "Vizcaya": 74.79729732777609,
    "Palencia": 172.4390223222751,
    "León": 172.46681367201293
  },
  "Segovia": {
    "Ávila": 58.22791578627155,
    "Madrid": 70.62172141363851,
    "Valladolid": 92.71649662951921,
    "Burgos": 158.60050866152656,
    "Soria": 165.3835962110561
  },
  "Sevilla": {
    "Córdoba": 120.01227117016428,
    "Huelva": 85.85687271362104,
    "Cádiz": 99.55964811062665,
    "Badajoz": 186.72277239866074,
    "Málaga": 157.9734927084078
  },
  "Soria": {
    "Burgos": 120.72619320271399,
    "La Rioja": 78.1995969867046,
    "Guadalajara": 138.37034680716866,
    "Zaragoza": 132.26544044013417,
    "Segovia": 165.3835962110561
  },
  "Tarragona": {
    "Lleida": 76.66217933808049,
    "Barcelona": 82.20417991432298,
    "Zaragoza": 188.0752922690473,
    "Teruel": 217.30961413913022,
    "Castellón": 166.8480260935684
  },
  "Teruel": {
    "Zaragoza": 147.20275852501948,
    "Guadalajara": 176.57250356924737,
    "Cuenca": 91.76432284477245,
    "Castellón": 99.42617758305826,
    "Valencia": 115.09881562573541,
    "Tarragona": 217.30961413913022
  },
  "Toledo": {
    "Madrid": 67.64557265141468,