{
    "1": {
      "25": 78.55989049761281,
      "33": 106.1927053651431
    },
    "2": {
      "15": 122.46217099526406,
      "13": 179.3812011813822,
      "43": 138.16946000611986,
      "28": 129.05764749098026,
      "3": 139.3870556046358,
      "21": 217.16356052574446,
      "17": 253.43892611791856
    },
    "3": {
      "28": 69.24925312174749,
      "2": 139.3870556046358,
      "43": 125.97201980854105
    },
    "4": {
      "17": 107.61621162531266,
      "28": 173.6010672426906
    },
    "5": {
      "34": 88.49759486025846,
      "44": 110.81541727716233,
      "37": 58.22791578627155,
      "26": 89.69297597286986,
      "42": 105.60658540008154,
      "10": 193.8399679540126
    },
    "6": {
      "10": 83.92191936364573,
      "14": 220.91796734293598,
      "19": 180.0002507444886,
      "42": 275.66796260334326,
      "38": 186.72277239866074,
      "13": 263.18385855860487,
      "56": 123.52496234603113,
      "61": 87.742292044226,
      "66": 60.89518184883903
    },
    "7": {
      "40": 82.20417991432298,
      "23": 132.08368351945435,
      "16": 85.50285907671879,
      "73": 28.417184206606116
    },
    "8": {
      "36": 74.79729732777609,
      "9": 120.12153078170911,
      "45": 49.60365400969444,
      "35": 76.5371681967953
    },
    "9": {
      "31": 77.82176450279418,
      "36": 125.01811348329008,
      "45": 101.67447982606762,
      "24": 104.26970840908899,
      "39": 120.72619320271399,
      "44": 113.83737401597448,
      "37": 158.60050866152656,
      "8": 120.12153078170911
    },
    "10": {
      "6": 83.92191936364573,
      "42": 205.36733152909352,
      "34": 176.62312296872722,
      "5": 193.8399679540126,
      "59": 103.41919991040808,
      "63": 140.72939678110714,
      "66": 93.25972994706677
    },
    "11": {
      "38": 99.55964811062665,
      "27": 167.8241513367555,
      "19": 101.24338329492211
    },
    "12": {
      "41": 99.42617758305826,
      "43": 63.789593986195115,
      "40": 166.8480260935684
    },
    "13": {
      "42": 97.14633777974527,
      "15": 196.24542116824585,
      "2": 179.3812011813822,
      "14": 143.5965338285504,
      "6": 263.18385855860487,
      "21": 136.35708328569504
    },
    "14": {
      "38": 120.01227117016428,
      "17": 130.17343816581874,
      "21": 87.87628315379528,
      "13": 143.5965338285504,
      "6": 220.91796734293598,
      "27": 132.77903896345623
    },
    "15": {
      "18": 107.11697603848631,
      "42": 163.13604464585217,
      "13": 196.24542116824585,
      "2": 122.46217099526406,
      "43": 164.26805518044122,
      "41": 91.76432284477245,
      "26": 137.13260843215753
    },
    "16": {
      "7": 85.50285907671879,
      "23": 187.1466047395773
    },
    "17": {
      "27": 88.77703918384557,
      "4": 107.61621162531266,
      "21": 67.59204624085255,
      "14": 130.17343816581874,
      "28": 235.58506493887953,
      "2": 253.43892611791856
    },
    "18": {
      "26": 51.03445244873588,
      "15": 107.11697603848631,
      "41": 176.57250356924737,
      "47": 222.37333339975388,
      "39": 138.37034680716866,
      "37": 88.34447429101992
    },
    "19": {
      "6": 180.0002507444886,
      "38": 85.85687271362104,
      "11": 101.24338329492211,
      "56": 116.23283977176152,
      "62": 90.89642157109512
    },
    "20": {
      "32": 126.0753886952529,
      "47": 66.45554936004345,
      "23": 103.29581441066824
    },
    "21": {
      "17": 67.59204624085255,
      "14": 87.87628315379528,
      "13": 136.35708328569504,
      "2": 217.16356052574446
    },
    "22": {
      "30": 87.79695388960671,
      "31": 107.38888669094088,
      "44": 126.194667965913,
      "25": 168.7079940056394,
      "29": 190.61905809891007,
      "46": 123.2940705571496,
      "36": 172.46681367201293
    },
    "23": {
      "20": 103.29581441066824,
      "47": 124.73238797530902,
      "40": 76.66217933808049,
      "7": 132.08368351945435,
      "16": 187.1466047395773,
      "50": 129.31705817560496,
      "52": 127.01507908364047,
      "49": 124.98321030664619,
      "51": 118.61360017517944,
      "48": 123.99391037778497
    },
    "24": {
      "9": 104.26970840908899,
      "45": 46.58281791137931,
      "32": 76.04135637839072,
      "47": 157.57537931883425,
      "39": 78.1995969867046
    },
    "25": {
      "1": 78.55989049761281,
      "29": 78.84996281642843,
      "33": 109.625964202806,
      "22": 168.7079940056394,
      "30": 144.4404743627544
    },
    "26": {
      "42": 67.64557265141468,
      "15": 137.13260843215753,
      "18": 51.03445244873588,
      "37": 70.62172141363851,
      "5": 89.69297597286986
    },
    "73": {
      "7": 28.417184206606116
    },
    "27": {
      "17": 88.77703918384557,
      "11": 167.8241513367555,
      "38": 157.9734927084078,
      "14": 132.77903896345623
    },
    "28": {
      "4": 173.6010672426906,
      "3": 69.24925312174749,
      "2": 129.05764749098026,
      "17": 235.58506493887953
    },
    "29": {
      "25": 78.84996281642843,
      "33": 65.31889922634149,
      "22": 190.61905809891007,
      "46": 197.76089524944874,
      "57": 98.79196960476783,
      "58": 108.73547391197312,
      "70": 107.56887242236537,
      "71": 116.21971859231225
    },
    "30": {
      "22": 87.79695388960671,
      "36": 165.0729055215642,
      "25": 144.4404743627544
    },
    "31": {
      "22": 107.38888669094088,
      "44": 42.510849354289064,
      "9": 77.82176450279418,
      "36": 172.4390223222751
    },
    "32": {
      "24": 76.04135637839072,
      "20": 126.0753886952529,
      "47": 143.33062486394098,
      "45": 83.89351615289885,
      "35": 62.27324658574491
    },
    "33": {
      "1": 106.1927053651431,
      "25": 109.625964202806,
      "29": 65.31889922634149,
      "70": 83.93029424488707
    },
    "34": {
      "5": 88.49759486025846,
      "10": 176.62312296872722,
      "44": 109.50132963807317,
      "46": 59.59488867068772,
      "58": 130.3339553180132,
      "63": 143.03552569451102
    },
    "35": {
      "8": 76.5371681967953,
      "45": 76.41670392595123,
      "32": 62.27324658574491
    },
    "36": {
      "30": 165.0729055215642,
      "9": 125.01811348329008,
      "8": 74.79729732777609,
      "31": 172.4390223222751,
      "22": 172.46681367201293
    },
    "37": {
      "5": 58.22791578627155,
      "26": 70.62172141363851,
      "44": 92.71649662951921,
      "9": 158.60050866152656,
      "39": 165.3835962110561
    },
    "38": {
      "14": 120.01227117016428,
      "19": 85.85687271362104,
      "11": 99.55964811062665,
      "6": 186.72277239866074,
      "27": 157.9734927084078
    },
    "39": {
      "9": 120.72619320271399,
      "24": 78.1995969867046,
      "18": 138.37034680716866,
      "47": 132.26544044013417,
      "37": 165.3835962110561
    },
    "40": {
      "23": 76.66217933808049,
      "7": 82.20417991432298,
      "47": 188.0752922690473,
      "41": 217.30961413913022,
      "12": 166.8480260935684
    },
    "41": {
      "47": 147.20275852501948,
      "18": 176.57250356924737,
      "15": 91.76432284477245,
      "12": 99.42617758305826,
      "43": 115.09881562573541,
      "40": 217.30961413913022
    },
    "42": {
      "26": 67.64557265141468,
      "5": 105.60658540008154,
      "10": 205.36733152909352,
      "6": 275.66796260334326,
      "13": 97.14633777974527,
      "15": 163.13604464585217
    },
    "43": {
      "3": 125.97201980854105,
      "12": 63.789593986195115,
      "15": 164.26805518044122,
      "2": 138.16946000611986,
      "41": 115.09881562573541
    },
    "44": {
      "22": 126.194667965913,
      "31": 42.510849354289064,
      "9": 113.83737401597448,
      "37": 92.71649662951921,
      "5": 110.81541727716233,
      "34": 109.50132963807317,
      "46": 87.48518722802288
    },
    "45": {
      "9": 101.67447982606762,
      "24": 46.58281791137931,
      "32": 83.89351615289885,